Keyword,Avg. monthly searches
assurance prêt immobilier,14800
assurance emprunteur,14800
assurance pret immobilier,14800
assurance credit immobilier,5400
assurance emprunteur immobilier,2900
assurance credit,2900
assurance pret,1900
assurance crédit immobilier,5400
assurance immobilier,1900
assurance emprunteur comparatif,1000
1er juin assurance emprunteur,320
assurance de pret immobilier,1600
meilleure assurance emprunteur,1000
assurance de pret,1600
changement assurance emprunteur,1600
changement assurance pret immobilier,2900
assurance emprunteur prêt immobilier,210
cout assurance pret immobilier,880
assurance emprunteur changement,1300
comparatif assurance emprunteur,880
renegocier assurance pret,720
delegation assurance,590
assurance pret immobilier obligatoire,720
assurance pret immo,14800
assurance caae pret habitat,480
assurance emprunteur crédit immobilier,140
assurance pret immobilier comparatif,880
rachat assurance pret immobilier,480
meilleur assurance emprunteur 2022,320
assurance de prêt immobilier,1600
assurance chomage pret immobilier,480
meilleur assurance pret immobilier,720
prix assurance pret immobilier,480
prêt immobilier assurance emprunteur,30
meilleure assurance emprunteur 2022,140
assurance emprunteur obligatoire,390
montant assurance pret immobilier,260
delegation assurance pret immobilier,320
assurance deces pret immobilier,320
assurance credit maison,320
assurance prêt immobilier comparatif,880
changement d assurance emprunteur,1300
delegation d assurance,590
assurance emprunteur prix,260
assurance pour pret immobilier,260
assurance pret bancaire,320
assurance pret habitation,320
prix assurance credit immobilier,260
surprime assurance emprunteur,140
assurance emprunteur 1er juin,10
dc ptia,170
assurance prêt immobilier fonctionnaire,260
assurance emprunteur en ligne,210
cout assurance emprunteur,210
l assurance emprunteur,110
changement assurance prêt immobilier 2022,90
caae pret habitat,170
invalidité catégorie 2 et assurance prêt immobilier,110
assurance des emprunteurs,140
prix assurance emprunteur,210
pret immobilier sans assurance,140
rachat assurance credit immobilier,170
assurance emprunteur pas cher,140
assurance perte d emploi pret immobilier,110
assurance emprunteur caisse epargne,170
assurance emprunteur senior,170
invalidité et crédit immobilier,210
l assurance emprunteur est elle obligatoire,140
assurance emprunteur la moins chere,210
pret immobilier assurance,110
assurance emprunteur fonctionnaire,110
comparatif assurance pret immobilier,210
garantie assurance emprunteur,170
tarif assurance emprunteur,70
assurance de crédit immobilier,110
meilleur assurance credit immobilier,210
tarif assurance pret immobilier,90
assurance obligatoire pret immobilier,90
assurance pret maison,140
assurance prêt personnel senior,110
renégociation assurance emprunteur,140
assurance emprunteur perte d emploi,110
assurance pour crédit immobilier,110
assurance immobilier pas cher,90
assurance emprunteur moins cher,140
assurance sur pret immobilier,90
surprime assurance pret immobilier,110
assurance pret immobilier senior,110
invalidité catégorie 1 et crédit immobilier,110
pret immobilier chomage,90
assurance crédit bancaire,50
pret immobilier assurance obligatoire,90
changement assurance credit immobilier,390
assurance pret hypotheque,10
changement assurance pret,320
éco ptz assurance obligatoire,170
pret immobilier handicap,210
que choisir assurance emprunteur,90
lemoine assurance,70
prêt immobilier militaire unéo,90
assurance pret travaux,110
assurance de pret pas cher,90
a quoi sert l assurance emprunteur,90
pret assurance immobilier,50
assurance pret immobilier perte emploi,170
que couvre l assurance emprunteur,110
assurance pret senior,90
cout assurance credit immobilier,170
diabete et pret immobilier,90
pret immobilier pour senior,110
assurance eco ptz,140
comparatif assurance pret,390
emprunteur assurance,90
renegocier son assurance pret,90
pret immobilier diabete,90
pret immobilier pas cher,90
assurance crédit obligatoire ou facultative,70
assurance rachat de credit,90
assurance chomage credit immobilier,90
assurance emprunteur c est quoi,70
assurance senior pret immobilier,90
assurance pour pret,90
credit immobilier et invalidite,90
credit immobilier assurance,70
pret a assurer,50
pret immobilier et diabete,90
assurance emprunteur handicap,170
assurance credit immobilier obligatoire,110
assurance de pret immobilier obligatoire,50
assurance prêt immobilier décès conjoint,70
assurance pret immobilier pas cher,110
assurance ptz,90
perte d emploi assurance emprunteur,70
credit immobilier et handicap,90
assurance emprunteur sci,70
renegocier assurance pret immobilier,70
assurance prêt immobilier 100 sur 2 têtes,110
rachat assurance emprunteur,70
assurance pret risque aggravé,90
assurance pret relais,70
pret assurance,70
assurance crédit maison,320
assurance deces credit immobilier,70
assurance pret immobilier risque aggravé,70
assurance pret immobilier pour senior,70
montant assurance emprunteur,50
assurance emprunteur changement 2022,40
assurance pret immobilier caisse epargne,70
pret sans assurance,50
assurance décès emprunteur,70
assurance prêts immobiliers,90
assurance immobilier senior,70
assurance perte emploi pret immobilier,30
assurance risque aggravé pret immobilier,70
assurance pret immobilier moins cher,70
assurance pour pret immobilier obligatoire,50
assurance deces invalidité pret immobilier,170
invalidité et pret immobilier,70
assurance emprunteur prix par mois,90
assurance credit immobilier senior,70
assurance vie pret immobilier,30
assurance pret risque aggravé santé,70
assurance emprunteur est elle obligatoire,70
assurance pret immobilier chomage,70
prêt immobilier décès conjoint,50
assurance emprunt habitation,70
cout assurance credit,50
assurance credit senior,70
assurance pret obligatoire,70
assurances emprunteurs,40
assurance habitation pret immobilier,50
assurance caae pret professionnel,70
assurance invalidité prêt immobilier,50
prêt relais sans assurance,70
contrat assurance emprunteur,50
assurance pret caisse epargne,50
assurance pret pour personne malade,70
assurance pret perte emploi,50
assurance caae pret habitat c est quoi,50
assurance pret emprunteur,50
cout d une assurance pret immobilier,50
assurance pret hypothecaire,10
assurance pret pour malade,70
assurance credit caisse epargne,50
renégociation assurance prêt immobilier,590
assurance emprunteur obligatoire ou pas,50
assurance credit obligatoire,50
assurance pret obligatoire ou pas,40
assurance pret immobilier invalidité,50
assurance emprunteur fumeur,50
l assurance est elle obligatoire pour un pret immobilier,30
credit emprunteur,50
chomage et pret immobilier,40
assurance chomage credit,40
assurance prêt immobilier 50 ou 100,50
meilleurtaux assurance emprunteur,170
cout assurance pret,50
assurance pret immobilier personne malade,70
assurance emprunteur professionnel,70
assurance credit immobilier perte emploi,50
changement assurance de pret,110
assurance emprunteur immobilier obligatoire,40
delegation assurance pret conso,40
contrat d assurance emprunteur,50
assurance emprunteur chomage,50
retraite pour invalidité et assurance prêt immobilier d un fonctionnaire,50
changement d assurance prêt immobilier,260
meilleures assurances pret immobilier,30
assurance crédit habitation,50
assurance prêt habitation,320
assurance emprunteur obligatoire ou non,40
assurance crédit immobilier pas cher,50
assurance credit chomage,50
chomage et credit immobilier,40
assurance emprunteur en couverture pret immobilier caisse epargne,70
prix assurance emprunteur immobilier,70
assurance pret chomage,50
prêt immobilier senior sans assurance,50
ald pret immobilier,50
meilleur assurance emprunteur 2021,10
immobilier assurance,90
changement assurance crédit immobilier,390
courtage assurance emprunteur,1000
assurance emprunteur 2022,20
renegocier assurance credit immobilier,40
assurance emprunteur sans formalités médicales,20
assurance deces invalidite credit,40
assurance prêt obligatoire ou facultative,30
meros assurance emprunteur,20
meilleur assurance de pret immobilier,90
pret immobilier et assurance,40
assurance pret immobilier deces,40
assurance pret immobilier la moins chere,40
assurer un pret immobilier,40
assurance emprunteur 50 ou 100,40
assurance pret pas cher,50
pret immobilier et chomage,40
crédit immobilier sans assurance,40
prix assurance pret,40
meilleures assurances emprunteur,30
assurance pour credit,30
delegation assurance emprunteur,260
pro btp assurance pret immobilier,30
assurance pret fonctionnaire,40
credit immobilier et chomage,40
meilleure assurance emprunteur 2021,10
assurance pret invalidité,40
trouver une assurance emprunteur,30
credit immobilier assurance obligatoire,30
changement assurance credit,140
assurance crédit emprunteur,50
assurance perte d emploi crédit immobilier,50
l assurance pret immobilier est elle obligatoire,30
assurance emprunteur deces,40
comparatif assurance emprunteur pret immobilier,140
assurance emprunteur invalidité,40
assurance pret immobilier en ligne,40
assurance ptz obligatoire,90
souscrire assurance emprunteur en ligne,50
assurance emprunt immobilier changement,20
pret immobilier assurance chomage,40
assurance crédit perte d emploi,50
assurance externe prêt immobilier,30
que choisir assurance pret immobilier,30
contrat assurance pret immobilier,30
pret immobilier invalidité catégorie 2,40
prêt immobilier sans assurance décès,30
formalités médicales assurance emprunteur,20
assurance garantie emprunteur,20
assurance caae pret personnel,40
prix assurance credit,40
assurance emprunteur immobilier changement,20
assurance vie credit immobilier,10
assurance sur credit immobilier,30
ald et credit immobilier,40
assurance investissement locatif,30
assurance emprunteur forfaitaire ou indemnitaire,30
assurance prêt 100 par tête,50
rachat assurance pret,30
rachat d assurance pret immobilier,30
ald et assurance emprunteur,40
ald et prêt immobilier,50
assurance déléguée pret immobilier,20
assurance prêt maison,140
assurance pret rachat de credit,20
credit immobilier deces conjoint,30
probleme pret immobilier,30
invalidité catégorie 1 et assurance prêt immobilier,20
rachat assurance credit,50
assurance sur emprunt,20
meilleures assurance emprunteur,20
assurance pret immobilier fumeur,30
assurance pret sci,30
chomage pret immobilier,30
assurance 100 pret immobilier,20
assurance emprunteur que choisir,30
assurance pret comparatif,40
garantie assurance pret immobilier,40
les assurances emprunteurs,30
assurance accessoire prêt immobilier,40
assurance emprunteur lemoine,20
assurance vie en garantie d un prêt,20
surprime dépression assurance prêt immobilier,10
comparatif assurance de pret,40
assurance pret moins cher,30
assurance credit immobilier prix,20
assurance credit immobilier caisse epargne,30
assurance crédit immobilier fonctionnaire,40
modification assurance emprunteur,20
perte d emploi et credit immobilier,40
assurance pour un prêt immobilier,30
assurance pret 50 ou 100,20
cout de l assurance pret immobilier,30
meilleur assurance de pret,50
rachat d assurance de pret immobilier,20
assurance prêt immobilier obligatoire ou non,30
emprunt immobilier chomage,20
perte emploi credit immobilier,30
emprunt immobilier sans assurance,20
invalidité pret immobilier,30
cout assurance emprunt immobilier,50
assurance d un prêt immobilier,30
assurance perte emploi credit,40
arret credit immobilier,20
assurance prêt immobilier sur une seule tête,20
renegocier assurance de pret immobilier,30
assurance hypothécaire obligatoire ou non,10
assurance pret immobilier changement,590
assurance emprunteur garantie,50
assurance facultative prêt immobilier,30
fumeur assurance emprunteur,20
assurance credit immobilier obligatoire ou pas,20
meilleur assurance pret,50
assurance pret immobilier 100 sur 2 tetes,10
assurance prêt immobilier invalidité et retraite,30
prêt immobilier assurance,110
assurance credit foncier,40
assurance pret immobilier prix,30
caisse epargne assurance emprunteur,30
meilleure assurance pret immobilier 2022,20
assurance en ligne emprunteur,40
ptz assurance obligatoire,50
assurances de pret,1600
assurance pret familial,40
assurance crédit hypothécaire,10
assurance de pret obligatoire,30
assurance credit immobilier moins cher,20
caisse epargne assurance emprunteur en couverture prêt immobilier,40
delegation assurance pret,50
a quoi sert assurance pret immobilier,20
assurance emprunteur 1er juin 2022,10
assurance pret hypothécaire,10
moyenne assurance pret immobilier,20
assurance emprunteur en couverture prêt immobilier caisse epargne,30
sci assurance emprunteur,20
assurance pret immobilier locatif,20
condition assurance pret immobilier,30
assurance capital restant du,20
assurance pour pret immobilier senior,20
chomage credit immobilier,30
prevoyance pret immobilier,10
assurance ptia est elle obligatoire,20
delegation d assurance pret immo,110
assurance emprunteur militaire,30
assurance pour emprunt immobilier,20
assurance emprunteur 100 ou 50,30
invalidite et credit maison,30
rachat d assurance credit,40
assurance sur pret,20
assurance pret immobilier 50 50,20
crédit immobilier assurance emprunteur,20
meilleure assurance emprunteur fonctionnaire,40
que couvre assurance pret immobilier,20
assurance emprunteur 100,30
assurance emprunteur investissement locatif,20
assurance pret immobilier deductible revenus fonciers,30
credit assurance chomage,30
assurance emprunteur banque,20
garantie pret relais,20
modification assurance pret immobilier,10
perte d emploi credit immobilier,40
assurance d emprunt,20
assurance bancaire pret immobilier,20
assurance immobilier perte emploi,20
assurance pret immobilier renegocier,20
assurance décès prêt immobilier obligatoire,40
assurance crédit immobilier chomage,40
assurance pret immobilier et invalidité,20
pret immobilier perte d emploi,20
assurance pret immobilier est elle obligatoire,20
invalidité catégorie 2 assurance pret immobilier,20
cafpi assurance emprunteur,30
emprunt immobilier assurance,10
assurance deces pret,30
assurance emprunteur cout,30
assurance invalidite credit immobilier,30
choisir assurance pret immobilier,10
emprunt assurance,10
pret emprunteur,20
assurance caution prêt immobilier,30
assurance pret immobilier pro btp,20
assurance pret eco ptz,30
ca assurance emprunteur,20
assurance groupe prêt immobilier,10
assurance prêt immobilier militaire,20
assurance prêt immobilier âge limite,20
assurance 100 credit immobilier,30
credit assurance immobilier,20
assurance pret fumeur,30
direct assurance pret immobilier,20
assurance hypothèque obligatoire,10
assurance pret immobilier sci,20
assurance crédit immobilier 100 sur chaque tête,20
assurance pret immobilier perte d emploi,30
invalidité credit immobilier,20
assurance de pret la moins chere,40
credit immobilier en cas de deces,20
invalidité et assurance emprunteur,30
assurance pret 100 sur deux tetes,20
pret immobilier assurance habitation,20
assurance pret deces,20
assurance pret immobilier tarif,20
diabete assurance pret immobilier,20
ald credit immobilier,20
assurance ptz travaux,20
assurance emprunteur pour personne malade,20
assurance pret immobilier que choisir,20
assurance vie sur pret hypothécaire,10
invalidité catégorie 1 et pret immobilier,30
l assurance emprunteur est elle obligatoire pour un prêt immobilier,20
ald assurance pret immobilier,10
assurance emprunteur rachat de crédit,20
assurance emprunteur pret professionnel,20
assurance emprunteur ptia,20
assurance crédit immobilier perte d emploi,30
assurance pret changement,40
assurance prêt immobilier senior comparatif,20
meilleure assurance emprunteur immobilier,40
comparatif assurance emprunteur senior,10
credit immobilier et invalidité categorie 2,20
assurance credit immobilier deces,20
invalidité assurance emprunteur,30
pret immobilier deces,20
peut on renegocier assurance pret immobilier,10
ca emprunteur,10
assurance prêt immobilier changement de situation,10
rachat assurance de pret immobilier,20
rachat assurance immobilier,20
assurance emprunteur juin 2022,10
deces pret immobilier,20
assurer pret immobilier,20
assurance emprunt bancaire,10
assurance emprunteur eco ptz,20
assurance emprunteur et invalidité,30
credit immobilier assurance chomage,20
delegation assurance pret professionnel,20
pret immobilier le moins cher,30
assurance pret est elle obligatoire,20
changement assurance pret immobilier 2022,10
l assurance credit,40
cout d assurance pret immobilier,20
assurance prêt immobilier opération chirurgicale,20
assurance delegation pret immobilier,20
assurance pret immobilier 100 ou 50,20
a quoi sert une assurance emprunteur,20
montant assurance pret,20
meilleur assurance credit,30
assurance emprunteur et retraite invalidité,20
invalidité catégorie 2 et pret immobilier,20
assurance pret immobilier avec risques aggravés,20
comparatif assurance pret immo,2900
pret immobilier invalidité,20
retraite et assurance prêt immobilier,20
assurance credit deces,20
assurance emprunteur credit,30
changement pret immobilier 2022,10
pret immobilier assurance deces,20
lemoine assurance emprunteur,10
peut on renegocier son assurance pret immobilier,10
assurance credit habitation,20
pret immobilier et invalidité,20
assurance de prêt immobilier moins cher,10
assurance pour credit maison,10
couverture assurance pret immobilier,10
les meilleures assurances emprunteur,20
changement assurance immobilier,40
courtage assurance pret immobilier,1000
credit immobilier et perte d emploi,20
perte emploi assurance emprunteur,20
assurance pret immobilier pour personne malade,10
assurances pret immobilier seniors,110
a quoi sert assurance emprunteur,20
assurance emprunteur delegation,20
assurance emprunteur 50 50,20
assurance emprunteur sur capital initial ou restant du,20
assurance du pret,30
assurance pret banque,20
garantie obligatoire assurance emprunteur,40
assurance caae pret,20
assurance vie emprunt,20
assurer son pret immobilier hors banque,10
credit immobilier invalidité categorie 2,20
montant assurance emprunt immobilier,10
assurance pret bancaire obligatoire,10
deces credit immobilier,20
invalidité catégorie 2 et credit immobilier,20
l assurance pour un pret immobilier est elle obligatoire,10
prêt immobilier sans garantie décennale,10
credit sans assurance emprunteur,10
assurance obligatoire credit immobilier,20
assurance sante pret immobilier,10
assurance emprunteur non résident,10
assurance vie crédit hypothécaire,10
rachat de crédit assurance emprunteur,10
assurance emprunteur cmb,20
assurance habitation credit immobilier,20
garantie prêt immobilier fonctionnaire,20
pret assurance chomage,10
pret hypothecaire assurance vie obligatoire,10
credit immobilier perte emploi,20
meilleurs assurances emprunteurs,20
pret eco ptz assurance obligatoire,10
assurance pour pret bancaire,10
assurance pret en ligne,20
credit immobilier deces,20
assurance eco ptz obligatoire,20
assurance sur emprunt immobilier,10
assurances pret bancaire,320
invalidité catégorie 2 pret immobilier,20
assurance pret relais immobilier,20
changement assurance emprunteur pret professionnel,20
assurance de pret immobilier fonctionnaire,10
assurance emprunteur obligatoire pret immobilier,10
assurance garantie pret immobilier,10
assurance pret immobilier cout,10
delegation assurance credit,10
ptz assurance,20
cout des assurances pret immobilier,10
assurance pret immobilier montant,10
assureur pret,10
changement assurance pret professionnel,20
cout assurance deces pret immobilier,20
rachat de crédit et assurance emprunteur,10
assurance de pret changement,10
assurance prêt immobilier fonctionnaire hospitalier,20
comparatif assurance crédit immobilier,880
assurance credit immobilier invalidité,20
assurance emprunteur tarif,20
assurance habitation obligatoire pret immobilier,20
assurance pret immobilier diabete,90
choisir assurance emprunteur,30
montant surprime assurance prêt immobilier,10
assurance emprunteur immobilier moins cher,10
assurance pret immobilier et invalidite categorie 2,40
assurance prêt perte d emploi,30
assurance des prets immobiliers,10
assurance emprunteur comparatif que choisir,10
assurance prêt immobilier 1 ou 2 têtes,10
meilleur assurance pret immobilier 2022,10
souscrire assurance emprunteur,30
assurance emprunteur dégressive,10
assurance emprunteur retraité,30
changement assurance emprunteur a tout moment,10
assurance emprunteur entreprise,20
assurance credit invalidité,20
fumeur assurance pret immobilier,10
pret travaux assurance obligatoire,10
assurance emprunteur immobilier pas cher,10
changement d assurance de pret,50
assurance sur pret immobilier obligatoire,10
pret immobilier fumeur,10
assurance credit changement,20
assurance d un pret bancaire,10
delegation assurance pret immo,320
invalidité et assurance pret immobilier,20
hypothèque assurance ou banque,10
renegocier assurance credit,20
credit immobilier assurance deces,10
assurance pret renegocier,20
cout d une assurance emprunteur,20
rachat assurance de pret,20
assurance pret personnel obligatoire,10
chomage et assurance pret immobilier,20
pret bancaire chomage,10
pret et assurance,10
assurance pret immobilier en cas de deces,20
emprunt immobilier assurance obligatoire,10
assurance chomage pret,20
assurance emprunteur locatif,10
assurance emprunteur obligatoire et facultative,20
assurance credit est elle obligatoire,20
assurance pret immobilier forfaitaire ou indemnitaire,10
assurance crédit immobilier changement,170
assurance perte emploi credit immobilier,20
l assurance décès est elle obligatoire pour un crédit immobilier,20
tarif assurance credit immo,30
assurance emprunteur surpoids,10
une assurance emprunteur est elle obligatoire,20
assurance immobilier fonctionnaire,10
assurance pret immobilier moyenne,10
assurance pret immobilier non resident,10
arret assurance pret immobilier,10
assurance vie pret,10
signature assurance pret immobilier,10
assurance emprunteur perte emploi,20
assurance emprunteur montant,10
assurance pret immobilier 100,10
assurer un pret,10
assurance emprunteur individuelle,10
assurance emprunteurs immobiliers,10
assurance pret immobilier le moins cher,20
credit immobilier invalidité,10
perte emploi pret immobilier,10
prix d une assurance pret immobilier,20
assurance credit maison chomage,20
assurance emprunteur ald,10
assurance emprunteur meilleur,20
delegation d assurance pret professionnel,10
l assurance emprunteur c est quoi,20
assurance pret immobilier et chomage,20
couverture assurance emprunteur,20
nouvelle assurance emprunteur,10
pret hypothécaire assurance,10
assurance et pret immobilier,10
assurance pret immobilier handicap,70
assurance pret pro,210
assurance sur capital restant du,20
pret immobilier et assurance habitation,10
assurance pret 100 ou 50,10
assurance prêt immobilier en cas d invalidité,10
protection juridique pret immobilier,20
assurance emprunteur 100 sur une tete,10
pret immobilier et invalidite categorie 1,20
assurance emprunteur 200 000 euros,20
assurance hypothèque prêt immobilier,20
assurance deces obligatoire pour pret immobilier,20
assurance pret ptia,20
pret immobilier hypotheque ou assurance,10
assurance pret immobilier c est quoi,10
assurance emprunteur 100 sur chaque tete,30
assurance pret immobilier 2022,10
assurance pret immobilier probleme sante,20
assurances de prets immobiliers,10
changement d assurance crédit immobilier,140
renegocier assurance,30
tarif assurance prêt immobilier,20
assurance credit en cas de perte d emploi,10
assurance credit obligatoire ou pas,30
assurance prêt travaux obligatoire,10
décès emprunteur,10
type assurance pret immobilier,10
assurance 50 50 pret immobilier,10
assurance de pret obligatoire ou pas,20
assurance emprunteur couple,10
assurance emprunteur externe,10
assurance emprunteur ptz,20
assurance prets,1900
pret immobilier et perte d emploi,10
assurance deces sur pret immobilier,10
assurance emprunteur fixe ou variable,10
assurance pret immobilier pour fonctionnaire,10
changement assurance de pret immobilier,110
renegocier assurance immobilier,10
assurance pour un credit immobilier,10
assurer son pret immobilier,10
contrat d assurance pret immobilier,20
crédit assurance emprunteur,10
mutuelle générale assurance pret immobilier,10
comparatif assurance crédit,10
depression et assurance pret immobilier,20
pour un pret immobilier l assurance est elle obligatoire,10
pret immobilier en cas de deces,10
assurance bancaire pret,10
assurance décès prêt immobilier âge limite,30
assurance dégressive pret immobilier,10
assurance emprunteur capital restant du,10
assurance pour un pret immobilier obligatoire,10
changement d assurance pret immobilier,260
meilleur assurance emprunteur 2023,20
changement credit immobilier 2022,10
montant assurance crédit immobilier,20
assurance pret immobilier a quoi ca sert,10
pret immobilier et deces,10
date anniversaire assurance emprunteur,10
courtage en assurance emprunteur,10
prix assurance emprunteur fumeur,10
assurance de pret immobilier changement,20
assurance obligatoire et facultative pret immobilier,10
assurance pret in fine,10
caution assurance emprunteur,10
assurance emprunteur a quoi ca sert,10
assurance habitation et pret immobilier,10
delegation d assurance pret immobilier,110
pret assurance deces,10
assurance emprunteur expatrié,10
meilleure assurance emprunteur senior,20
assurance de pret bancaire,10
assurance de pret immobilier pas cher,20
assurance deces pour pret immobilier,10
assurance ptia pret immobilier,10
prix assurance décès prêt immobilier,10
assurance pret immobilier retraité,10
assurance sur pret hypothecaire,10
modification pret immobilier,10
pret immobilier grossesse,10
achat immobilier assurance,10
assurance emprunt maison,10
assurance pret et invalidite,10
assurance pret immobilier sclerose en plaque,10
credit avec assurance,10
eco ptz sans assurance,10
pret immobilier 2022 changement,10
une assurance de pret est elle obligatoire,10
assurance credit immobilier comparatif,140
assurance emprunteur mutuelle,10
handicap et pret immobilier,10
perte d emploi pret immobilier,10
renegocier son assurance emprunt immobilier,10
tarif assurance emprunt immobilier,10
changement d assurance de prêt immobilier,170
assurance emprunteur capital restant du ou capital initial,10
assurance pret immobilier mutuelle generale,10
credit foncier assurance emprunteur,10
pret immobilier sclerose en plaque,10
assurance deces emprunteur senior,10
assurance emprunteur obligatoire ou facultative,10
chomage assurance pret immobilier,10
rachat d assurance emprunteur,10
renegocier son assurance emprunteur,140
assurance banque pret immobilier,10
cout assurance crédit,50
deces et credit immobilier,10
ald et assurance pret immobilier,20
assurance d emprunt immobilier,10
assurance pret immobilier cmb,10
cout assurance deces invalidité pret immobilier,10
cout assurance pret hypothecaire,10
credit immobilier perte d emploi,10
delegation pret immobilier,10
estimation surprime assurance prêt immobilier,10
assurance pour un pret immobilier,30
immobilier assurance emprunteur,10
assurance pour pret relais immobilier,10
assurance pret immobilier déductible impots,10
assurer un credit immobilier,10
assurance preteur,10
delegation d assurance pret conso,10
ptia assurance emprunteur,10
souscrire assurance pret immobilier,10
assurance pret habitation obligatoire,10
assurance vie pour pret immobilier,10
meilleurs assurances pret immobilier,10
assurance pret immobilier vih,10
assurance prêt bancaire immobilier,10
credit immobilier et deces,10
date changement assurance emprunteur,10
meilleur assurance pour pret immobilier,10
montant assurance emprunteur prêt immobilier,20
pret bancaire assurance obligatoire,10
pret immobilier en invalidité,10
assurance perte d emploi pret immobilier obligatoire,10
coût mensuel assurance prêt immobilier,10
assurance emprunteur probleme sante,10
assurance pret immobilier ald,20
peut on choisir son assurance pret immobilier,10
pret immobilier assurance perte emploi,10
prix assurance de pret immobilier,10
assurance obligatoire pret,10
l assurance d un prêt immobilier est elle obligatoire,10
assurance emprunteur avec perte d emploi,10
assurance emprunteur surprime,10
caution assurance pret immobilier,10
assurance credit immobilier fumeur,10
assurance emprunteur en couverture prêt immobilier,20
crédit immobilier chomage,90
pret immobilier avec assurance,10
assurance emprunteur pompier,10
assurance pret immobilier impots,10
comparatif assurance emprunteur immobilier,10
assurance prêt ptia,20
assurance emprunteur formalités médicales,10
assureur de pret immobilier,10
rachat d assurance crédit immobilier,10
assurance credit prix,10
assurance emprunteur sur capital restant du,10
assurance pret investissement locatif,20
assurance emprunteur pour fonctionnaire,10
assurance pret immobilier 2 emprunteurs,10
assurance pret immobilier personne a risque,10
credit foncier assurance,20
prix assurance crédit,40
renegocier son assurance de pret immo,10
sci et assurance emprunteur,10
l assurance credit immobilier est elle obligatoire,10
trouver assurance pret immobilier,10
assurance credit pret immobilier,10
assurance pret immobilier fonction publique,10
assurance pret immobilier garantie,20
assurance pret immobilier les moins cheres,10
assurance credit deces conjoint,10
assurance crédit immobilier comparatif,140
assurance emprunteur non obligatoire,10
assurance pret immobilier capital restant du,10
trouver une assurance pret immobilier,10
assurance lors d un pret immobilier,10
assurance obligatoire pour pret immobilier,10
assurance pret 100,10
assurance vie et pret immobilier,10
assurance pret immobilier direct assurance,10
assurance handicap crédit immobilier,10
assurance pret immobilier degressive,10
banque prêt immobilier sans assurance,10
diabete pret immobilier,10
pret assurance obligatoire,10
assurance credit immobilier et invalidite,10
assurance de pret en ligne,10
assurance emprunteur policier,20
assurance immobilier invalidité,10
assurance prêt credit immobilier,20
assurances emprunt,14800
choisir son assurance emprunteur,10
prêt immobilier sans assurance emprunteur,10
renegocier assurance de pret,10
assurance décès invalidité crédit immobilier,10
assurance emprunteur ca,10
assurer son credit immobilier,10
comparatif assurance de prêt immobilier,10
cout assurance vie pret hypothécaire,10
credit immobilier assurance habitation obligatoire,10
invalidité assurance prêt immobilier,10
pret immobilier mutuelle,10
préavis assurance emprunteur,10
assurance credit maison invalidite,10
assurance individuelle pret immobilier,10
assurance invalidite pour pret immobilier,10
assurance pret immobilier surpoids,10
assurance prêt immobilier après infarctus,10
assurance prêt risques aggravés santé,10
assurance vie emprunt immobilier,10
delegation assurance de pret,20
assurance pret immobilier santé,10
deces assurance pret immobilier,10
pret bancaire assurance,10
prevoir assurance pret,10
assurance de pret moins cher,10
assurance de pret perte d emploi,10
assurance pret immobilier grossesse,10
diabete et credit immobilier,10
interiale assurance pret immobilier,10
l assurance credit est elle obligatoire,10
les assurances pret immobilier,10
pret immobilier ald,10
prix d une assurance credit immobilier,10
assurance pret immobilier avec perte d emploi,10
assurance pret immobilier interiale,10
assurance pret particulier,10
hypotheque ou assurance pret immobilier,10
prix assurance pret hypothecaire,10
que couvre une assurance emprunteur,10
assurance credit immobilier 100 ou 50,10
assurance hypothécaire perte d emploi,10
que couvre l assurance pret immobilier,10
assurance credit immobilier 50 ou 100,10
assurance fonctionnaire pret immobilier,10
assurance pret depression,10
assurance vie pour credit immobilier,10
capital assurance emprunteur,10
risque credit immobilier,10
assurance credit immobilier est elle obligatoire,10
assurance de pret comparatif,70
assurance pret et chomage,10
assurance pret immobilier pour personne handicapée,10
comparatif assurances emprunteur,2900
l assurance d un pret est elle obligatoire,10
peut on renegocier l assurance d un pret immobilier,10
assurance hypothèque maison,10
assurance pour crédit,30
assurance pret immobilier sur capital restant du,10
meilleur assurance emprunteur pret immobilier,10
assurance credit moins cher,10
assurance de pret online,10
assurance pour un pret,10
assurance pret immobilier septembre 2022,10
changement pret immobilier,20
cout surprime assurance pret immobilier,10
credit immobilier et assurance,10
souscrire une assurance emprunteur,10
assurance pret immobilier policier,10
assurance pret immobilier ptia,10
peut on renegocier une assurance de pret immobilier,10
assurance credit et invalidite,10
assurance emprunteur hypertension,10
assurance pour emprunt bancaire,10
pret immobilier cout assurance,10
pret immobilier delegation assurance,10
assurance credit fumeur,10
assurance décès prêt immobilier senior,10
assurance pret immobilier couple,10
assurance pret immobilier et ald,10
changement d assurance pret,50
pret et assurance immobilier,10
tarif assurance pret,10
assurance credit emprunt immobilier,10
assurance emprunteur groupe ou individuelle,10
assurance pret delegation,10
assurance vie pret hypothecaire,10
invalidité et emprunt immobilier,10
assurance est elle obligatoire pour un pret immobilier,10
credit maison chomage,10
perte d emploi et pret immobilier,10
assurance credit caution,10
assurance d un pret,10
assurance emprunteur credit foncier,10
assurance pret credit,10
assurance pret immobilier 75 ou 100,10
deux assurances emprunteur,10
pret immobilier et handicap,10
rachat assurance emprunt immobilier,10
assurance de prêt pour les risques aggravés,10
montant d une assurance pret immobilier,10
surpoids assurance emprunteur,10
assurance chomage emprunt immobilier,10
assurance emprunteur prevoir,10
direct assurance assurance pret immobilier,10
masfip assurance prêt immobilier,10
souscrire un prêt immobilier,20
ald assurance emprunteur,20
assurance credit immobilier diabetique,10
assurance deces credit maison,10
assurance emprunteur jeune,10
cout assurance de pret immobilier,10
naoassur fr,10
assurance emprunteur laquelle choisir,10
assurance pret forfaitaire ou indemnitaire,10
crédit assurance perte d emploi,10
pret immobilier seniors,210
assurance credit en ligne,10
assurance pret immobilier enseignant,10
changement d assurance credit immobilier,140
cout assurance chomage pret immobilier,10
cout assurance ptz,10
emprunt assurance obligatoire,10
jeune emprunteur,10
pret immobilier et ald,10
surprime assurance pret,10
assurance emprunteur pour senior,10
assurance emprunteur prévoyance,10
assurance habitation obligatoire avec pret immobilier,10
assurance pret immobilier 100 par tete,10
assurance pret immobilier pour personne en ald,10
caisse epargne assurance pret immobilier,10
hamon assurance emprunteur,10
assurance pret immobilier ou hypotheque,10
assurance pret personnel senior,110
assurance senior pour pret immobilier,10
cout d une assurance credit immobilier,10
assurance diabetique pret immobilier,10
assurance emprunteur vefa,10
assurance pret immobilier couvre quoi,10
comparatif assurance pret immobilier que choisir,10
credit immobilier assurance perte emploi,10
la medicale assurance pret immobilier,10
pret immobilier assurance facultative,10
pret immobilier et assurance chomage,10
prix assurance credit maison,10
cafpi assurance pret immobilier,10
garantie et assurance pret immobilier,10
assurance emprunteur renegocier,20
assurance et garantie pret immobilier,10
assurance habitation avec pret immobilier,10
assurance pret degressive,10
assurance sur pret bancaire,10
credit deces emprunteur,10
pret immobilier assurance habitation obligatoire,10
prêt hypothécaire décès,10
cout de l assurance credit immobilier,10
montant surprime assurance prêt immobilier surpoids,10
trouver assurance emprunteur,10
assurance credit et chomage,10
assurance credit immobilier en ligne,10
assurance immobilier pret,10
assurance pret immobilier obligatoire banque,10
assurance pret immobilier personne handicapée,10
contrat assurance credit,10
assurance immobilier deces,10
assurance pour pret hypothecaire,10
assurance pret immobilier fixe ou variable,10
assurance pret personne malade,10
meilleure assurance emprunteur 2023,30
assurance emprunteur hors banque,10
assurance obligatoire emprunt immobilier,10
assurance pret immobilier obligatoire ou pas,20
assurance sur un pret,10
credit immobilier sans assurance emprunteur,10
crédit immobilier assurance obligatoire,30
garantie assurance credit immobilier,10
pret immobilier et grossesse,10
pret relais assurance obligatoire,10
a quoi sert l assurance pret immobilier,10
assurance pret capital restant du,10
assurance pret immobilier hypertension,10
assurance pret immobilier protection juridique,10
assurances prets immobiliers seniors,10
caution et assurance pret immobilier,10
cmb assurance emprunteur,10
crédit immobilier assurance perte d emploi,10
pret immobilier changement 2022,10
pret immobilier changement assurance,20
assurance immobilier pour personne malade,10
assurance pret immobilier banque,10
assurance pret immobilier que couvre t elle,10
assurance pret locatif,10
credit immo assurance,70
meilleur assureur pret immobilier,10
pret hypothecaire sans assurance solde restant du,10
assurance sur un pret immobilier,10
choisir son assurance pret immobilier,10
sclerose en plaque assurance pret immobilier,10
assurance credit fonctionnaire,10
assurance décès immobilier,30
assurance emprunteur deductible revenus fonciers,70
assurance pret immobilier delegation,10
changement assurance prêt immobilier en cours,10
assurance pret immo 100 sur une tete,10
changement assurance emprunteur premiere annee,10
que choisir assurance pret,10
assurance credit a quoi ca sert,10
assurance décès emprunt immobilier,10
assurance emprunt immobilier pas cher,10
la prevoyance pret hypothecaire,0
surprime assurance credit immobilier,10
assurance emprunteur online,10
assurance obligatoire pour un pret immobilier,10
a quoi sert une assurance credit immobilier,10
assurance emprunteur hypotheque,10
assurance pret immobilier spondylarthrite,10
assurance pret sci familiale,10
mmj assurance pret immobilier,10
probleme assurance pret immobilier,10
renégociation assurance crédit immobilier,10
assurance emprunteur rapide,10
assurance prêt immobilier déductible revenus fonciers,30
assurance prêt immobilier hyperthyroïdie,10
credit immo sans assurance,40
montant de l assurance pour un pret immobilier,10
pret immobilier l assurance est elle obligatoire,10
renegocier son assurance de pret,10
assurance credit immobilier et chomage,10
assurance de pret fonctionnaire,10
assurance pret immobilier credit foncier,10
assurance pret immobilier quelle couverture,10
assurance pret militaire,10
assurance prêt immobilier avec pathologie,10
date anniversaire pret immobilier,10
invalidité et pret bancaire,10
la meilleure assurance pret immobilier,10
ald pret bancaire,10
assurance de pret immobilier pour personne malade,10
delegation d assurance pour pret immobilier,10
garantie perte emploi pret immobilier,10
investissement locatif assurance emprunteur,10
souscription pret immobilier,10
assurance pret immobilier bipolaire,10
assurance pret immobilier garantie perte d emploi,10
assurance pret immobilier hypotheque,10
comparatif assurance credit immo,10
cout assurance pret immobilier senior,10
assurance de pret immobilier senior,10
assurance pret immobilier investissement locatif,10
prix des assurances pret immobilier,10
trouver une assurance pour pret immobilier,10
aréas assurance prêt immobilier,10
assurance immobilier perte d emploi,10
assurance pret immobilier autre que la banque,10
assurance pret immobilier hors banque,10
cout d une assurance de pret immobilier,10
delegation assurance credit immobilier,20
mutuelle generale caution pret immobilier,10
pret assurance habitation,10
assurance pret immobilier banque ou assureur,10
assurance pret immobilier refusé,10
pret bancaire sans assurance,10
ald et pret bancaire,40
contrat assurance pret,20
interet assurance emprunteur,10
assurance credit immobilier renegocier,10
assurance emprunteur obésité,10
assurance ptz différé,10
assurer son pret,10
avc assurance emprunteur,10
changement assurance emprunteur pret immobilier,30
delegation assurance pret personnel,10
grossesse et pret immobilier,10
meilleurtaux com assurance emprunteur,20
assurance de groupe emprunteur,10
assurance emprunteur degressive,10
assurance pret immobilier 100 sur chaque tete,10
assurance pret immobilier polyarthrite,10
assurance vie sur pret immobilier,10
pret sans assurance emprunteur,10
que couvre une assurance pret immobilier,10
annulation assurance pret immobilier,10
assurance chomage pour pret immobilier,10
assurance pret bancaire professionnel,10
assurance pret immobilier congé parental,10
assurance pret immobilier en cas de chomage,10
assurance pret immobilier fumeur ou non,10
assurer credit immobilier,10
choisir assurance de prêt immobilier,10
fonctionnaire assurance pret immobilier,10
assurance chomage sur pret immobilier,10
assurance couverture de pret,10
assurance pret credit foncier,10
assurance pret immobilier rachat,10
assurances obligatoires pret immobilier,10
obtenir un pret immobilier en invalidité,10
pas d assurance pret immobilier,10
pret a risque,10
assurance pour emprunt,10
assurance pret 50 50,10
assurance pret immobilier surprime,10
changement assurance emprunt immobilier,40
montant des assurances prêt immobilier,10
pret immobilier assurance obligatoire ou pas,10
assurance des prets,10
assurance pret immobilier cout mensuel,10
assurance pret immobilier la poste,10
assurance pret indemnitaire ou forfaitaire,10
assurance solde restant du pret hypothecaire,10
avc et assurance pret immobilier,10
credit immobilier changement,10
crédit immobilier le moins cher,90
emprunt et assurance,10
pret rapide assurance emploi,0
assurance emprunteur hamon,10
assurance obligatoire pour un pret,10
assurance pret immobilier insuffisance rénale,10
cout assurance de pret,10
garantie assurance pret,10
pret immobilier assurance deces obligatoire,10
garantie perte d emploi prêt immobilier,10
pret immobilier assurance vie,10
répartition assurance prêt immobilier,10
tarif assurance credit,10
tarif assurance prêt,10
